저장조건,SKU센터조합수,평균재고_kg,평균월출고_kg,평균회전율,이체유입합_kg,이체유출합_kg,이체수신비율_pct,악성재고건수,악성재고비율_pct,이체유입_SKU조합당_kg
냉동,2050,458.31828731707316,1347.0942346341462,6.868,1616185.672,1616185.672,74.92682926829268,46,2.24,788.38
냉장,785,376.47101656050955,1388.9309477707006,1.406,759281.658,759281.658,79.36305732484077,13,1.66,967.24
실온,2165,597.9947556581986,2085.9903709006926,2.317,2467757.475,2467757.475,81.0161662817552,69,3.19,1139.84
